{
  "0": {
    "hot50": 95,
    "cold": 120,
    "gini": 0.5071708333333332,
    "top20": 0.5256666666666667
  },
  "1": {
    "hot50": 90,
    "cold": 109,
    "gini": 0.49803476562500004,
    "top20": 0.5413333333333333
  },
  "2": {
    "hot50": 107,
    "cold": 61,
    "gini": 0.4387222656249997,
    "top20": 0.4888333333333333
  },
  "3": {
    "hot50": 122,
    "cold": 73,
    "gini": 0.40746536458333316,
    "top20": 0.4410333333333335
  },
  "4": {
    "hot50": 170,
    "cold": 52,
    "gini": 0.277366927083333,
    "top20": 0.32650000000000007
  },
  "5": {
    "hot50": 186,
    "cold": 30,
    "gini": 0.21855078124999916,
    "top20": 0.29823333333333324
  },
  "6": {
    "hot50": 183,
    "cold": 29,
    "gini": 0.2272458333333327,
    "top20": 0.30459999999999987
  },
  "7": {
    "hot50": 177,
    "cold": 30,
    "gini": 0.23819075520833322,
    "top20": 0.3150666666666668
  },
  "8": {
    "hot50": 187,
    "cold": 17,
    "gini": 0.20838906249999922,
    "top20": 0.2969999999999999
  },
  "9": {
    "hot50": 177,
    "cold": 34,
    "gini": 0.24536640624999995,
    "top20": 0.31443333333333345
  },
  "10": {
    "hot50": 184,
    "cold": 23,
    "gini": 0.21906731770833332,
    "top20": 0.30383333333333323
  },
  "11": {
    "hot50": 173,
    "cold": 36,
    "gini": 0.25688841145833397,
    "top20": 0.3224333333333334
  },
  "12": {
    "hot50": 179,
    "cold": 13,
    "gini": 0.2294036458333334,
    "top20": 0.3142666666666666
  },
  "13": {
    "hot50": 174,
    "cold": 16,
    "gini": 0.2441191406249995,
    "top20": 0.328
  },
  "14": {
    "hot50": 174,
    "cold": 16,
    "gini": 0.2426608072916665,
    "top20": 0.3239666666666668
  },
  "15": {
    "hot50": 187,
    "cold": 9,
    "gini": 0.2027447916666666,
    "top20": 0.3043333333333333
  },
  "16": {
    "hot50": 189,
    "cold": 7,
    "gini": 0.20026796874999986,
    "top20": 0.30066666666666664
  },
  "17": {
    "hot50": 183,
    "cold": 13,
    "gini": 0.2155005208333335,
    "top20": 0.31509999999999994
  },
  "18": {
    "hot50": 185,
    "cold": 20,
    "gini": 0.21297786458333268,
    "top20": 0.3072333333333333
  },
  "19": {
    "hot50": 137,
    "cold": 55,
    "gini": 0.3628386718750001,
    "top20": 0.40406666666666674
  },
  "20": {
    "hot50": 143,
    "cold": 43,
    "gini": 0.34129114583333353,
    "top20": 0.38886666666666664
  },
  "21": {
    "hot50": 134,
    "cold": 67,
    "gini": 0.37792005208333357,
    "top20": 0.4150333333333334
  },
  "22": {
    "hot50": 125,
    "cold": 85,
    "gini": 0.41321210937499997,
    "top20": 0.4327333333333333
  },
  "23": {
    "hot50": 118,
    "cold": 95,
    "gini": 0.4352580729166666,
    "top20": 0.4515666666666667
  },
  "24": {
    "hot50": 125,
    "cold": 75,
    "gini": 0.4071877604166667,
    "top20": 0.4332
  },
  "25": {
    "hot50": 109,
    "cold": 102,
    "gini": 0.4594606770833335,
    "top20": 0.47863333333333336
  },
  "26": {
    "hot50": 102,
    "cold": 107,
    "gini": 0.4799450520833336,
    "top20": 0.5032999999999999
  },
  "27": {
    "hot50": 92,
    "cold": 131,
    "gini": 0.5192354166666668,
    "top20": 0.5391333333333332
  },
  "28": {
    "hot50": 91,
    "cold": 137,
    "gini": 0.5167549479166665,
    "top20": 0.5422
  },
  "29": {
    "hot50": 91,
    "cold": 126,
    "gini": 0.5158240885416667,
    "top20": 0.5400333333333333
  },
  "30": {
    "hot50": 110,
    "cold": 85,
    "gini": 0.44474153645833325,
    "top20": 0.4748333333333334
  },
  "31": {
    "hot50": 116,
    "cold": 52,
    "gini": 0.41175611979166615,
    "top20": 0.4605666666666668
  },
  "32": {
    "hot50": 123,
    "cold": 47,
    "gini": 0.3875187499999998,
    "top20": 0.4394
  },
  "33": {
    "hot50": 120,
    "cold": 57,
    "gini": 0.4030503906249996,
    "top20": 0.4431999999999999
  },
  "34": {
    "hot50": 122,
    "cold": 74,
    "gini": 0.4055438802083333,
    "top20": 0.4348666666666666
  },
  "35": {
    "hot50": 134,
    "cold": 61,
    "gini": 0.37653971354166693,
    "top20": 0.4039
  },
  "36": {
    "hot50": 137,
    "cold": 51,
    "gini": 0.3595132812499997,
    "top20": 0.3991000000000001
  },
  "37": {
    "hot50": 120,
    "cold": 72,
    "gini": 0.42224036458333336,
    "top20": 0.446
  },
  "38": {
    "hot50": 121,
    "cold": 74,
    "gini": 0.41669752604166665,
    "top20": 0.4430333333333335
  },
  "39": {
    "hot50": 124,
    "cold": 68,
    "gini": 0.4052617187499997,
    "top20": 0.4330000000000001
  },
  "40": {
    "hot50": 126,
    "cold": 65,
    "gini": 0.39607851562500007,
    "top20": 0.42846666666666683
  },
  "41": {
    "hot50": 133,
    "cold": 61,
    "gini": 0.3763477864583331,
    "top20": 0.4139666666666666
  },
  "42": {
    "hot50": 121,
    "cold": 69,
    "gini": 0.4085634114583334,
    "top20": 0.4465666666666667
  },
  "43": {
    "hot50": 113,
    "cold": 60,
    "gini": 0.42845546874999973,
    "top20": 0.4693666666666667
  },
  "44": {
    "hot50": 117,
    "cold": 85,
    "gini": 0.43397513020833356,
    "top20": 0.45493333333333325
  },
  "45": {
    "hot50": 116,
    "cold": 56,
    "gini": 0.4154096354166664,
    "top20": 0.4618333333333333
  },
  "46": {
    "hot50": 119,
    "cold": 55,
    "gini": 0.40352239583333294,
    "top20": 0.4508999999999999
  },
  "47": {
    "hot50": 123,
    "cold": 41,
    "gini": 0.3951020833333333,
    "top20": 0.44046666666666656
  },
  "48": {
    "hot50": 120,
    "cold": 50,
    "gini": 0.3999916666666665,
    "top20": 0.4457666666666668
  },
  "49": {
    "hot50": 117,
    "cold": 49,
    "gini": 0.40950794270833313,
    "top20": 0.4578666666666667
  },
  "50": {
    "hot50": 119,
    "cold": 61,
    "gini": 0.4087949218750001,
    "top20": 0.45230000000000004
  },
  "51": {
    "hot50": 116,
    "cold": 56,
    "gini": 0.4085337239583332,
    "top20": 0.46066666666666667
  },
  "52": {
    "hot50": 115,
    "cold": 59,
    "gini": 0.41906575520833245,
    "top20": 0.46273333333333333
  },
  "53": {
    "hot50": 119,
    "cold": 58,
    "gini": 0.40991953125,
    "top20": 0.4544
  },
  "54": {
    "hot50": 115,
    "cold": 62,
    "gini": 0.42149140625000003,
    "top20": 0.4652666666666668
  },
  "55": {
    "hot50": 115,
    "cold": 65,
    "gini": 0.42641249999999964,
    "top20": 0.46499999999999997
  },
  "56": {
    "hot50": 119,
    "cold": 74,
    "gini": 0.41712591145833344,
    "top20": 0.4514333333333334
  },
  "57": {
    "hot50": 115,
    "cold": 86,
    "gini": 0.4359722656249998,
    "top20": 0.46270000000000006
  },
  "58": {
    "hot50": 95,
    "cold": 121,
    "gini": 0.5078520833333331,
    "top20": 0.5257000000000001
  },
  "59": {
    "hot50": 99,
    "cold": 119,
    "gini": 0.5006044270833332,
    "top20": 0.5124333333333334
  }
}