{
  "0": {
    "hot_count": 60,
    "cold_count": 44,
    "warm_count": 152,
    "gini": 0.4024962890625,
    "top5_freq": [
      0.127,
      0.123,
      0.1176,
      0.1138,
      0.1124
    ],
    "top20pct_coverage": 0.45267500000000005
  },
  "1": {
    "hot_count": 78,
    "cold_count": 29,
    "warm_count": 149,
    "gini": 0.3024457031250002,
    "top5_freq": [
      0.0836,
      0.0778,
      0.074,
      0.0682,
      0.0642
    ],
    "top20pct_coverage": 0.352725
  },
  "2": {
    "hot_count": 88,
    "cold_count": 6,
    "warm_count": 162,
    "gini": 0.2308775390625002,
    "top5_freq": [
      0.079,
      0.0784,
      0.0774,
      0.071,
      0.0684
    ],
    "top20pct_coverage": 0.32535000000000003
  },
  "3": {
    "hot_count": 77,
    "cold_count": 39,
    "warm_count": 140,
    "gini": 0.3306478515625003,
    "top5_freq": [
      0.081,
      0.08,
      0.0792,
      0.0778,
      0.0752
    ],
    "top20pct_coverage": 0.3612749999999999
  },
  "4": {
    "hot_count": 74,
    "cold_count": 46,
    "warm_count": 136,
    "gini": 0.35240800781250015,
    "top5_freq": [
      0.09,
      0.0898,
      0.0858,
      0.0852,
      0.0774
    ],
    "top20pct_coverage": 0.37307499999999993
  },
  "5": {
    "hot_count": 70,
    "cold_count": 35,
    "warm_count": 151,
    "gini": 0.3562025390625003,
    "top5_freq": [
      0.0964,
      0.0856,
      0.0824,
      0.082,
      0.0792
    ],
    "top20pct_coverage": 0.387525
  },
  "6": {
    "hot_count": 64,
    "cold_count": 31,
    "warm_count": 161,
    "gini": 0.3742777343750001,
    "top5_freq": [
      0.1042,
      0.089,
      0.0888,
      0.081,
      0.0762
    ],
    "top20pct_coverage": 0.42045
  },
  "7": {
    "hot_count": 58,
    "cold_count": 39,
    "warm_count": 159,
    "gini": 0.4119582031250001,
    "top5_freq": [
      0.0916,
      0.09,
      0.09,
      0.0894,
      0.0858
    ],
    "top20pct_coverage": 0.45982500000000004
  },
  "8": {
    "hot_count": 56,
    "cold_count": 22,
    "warm_count": 178,
    "gini": 0.39571230468749985,
    "top5_freq": [
      0.1314,
      0.1148,
      0.1128,
      0.1106,
      0.1084
    ],
    "top20pct_coverage": 0.4733
  },
  "9": {
    "hot_count": 55,
    "cold_count": 30,
    "warm_count": 171,
    "gini": 0.40661250000000027,
    "top5_freq": [
      0.1204,
      0.1128,
      0.1084,
      0.1074,
      0.1046
    ],
    "top20pct_coverage": 0.48234999999999983
  },
  "10": {
    "hot_count": 61,
    "cold_count": 45,
    "warm_count": 150,
    "gini": 0.4024791015625,
    "top5_freq": [
      0.0834,
      0.0824,
      0.0812,
      0.081,
      0.0808
    ],
    "top20pct_coverage": 0.4344000000000001
  },
  "11": {
    "hot_count": 65,
    "cold_count": 38,
    "warm_count": 153,
    "gini": 0.3710628906250001,
    "top5_freq": [
      0.0834,
      0.0804,
      0.0742,
      0.0736,
      0.0728
    ],
    "top20pct_coverage": 0.4087000000000002
  },
  "12": {
    "hot_count": 57,
    "cold_count": 50,
    "warm_count": 149,
    "gini": 0.4243734375,
    "top5_freq": [
      0.0976,
      0.0916,
      0.0892,
      0.085,
      0.0848
    ],
    "top20pct_coverage": 0.4605
  },
  "13": {
    "hot_count": 54,
    "cold_count": 44,
    "warm_count": 158,
    "gini": 0.42942148437500016,
    "top5_freq": [
      0.107,
      0.1,
      0.0996,
      0.0992,
      0.0992
    ],
    "top20pct_coverage": 0.48455
  },
  "14": {
    "hot_count": 51,
    "cold_count": 44,
    "warm_count": 161,
    "gini": 0.44908945312500004,
    "top5_freq": [
      0.1342,
      0.1136,
      0.1124,
      0.1044,
      0.1014
    ],
    "top20pct_coverage": 0.5049750000000001
  },
  "15": {
    "hot_count": 51,
    "cold_count": 53,
    "warm_count": 152,
    "gini": 0.4480785156249999,
    "top5_freq": [
      0.123,
      0.1212,
      0.1122,
      0.1108,
      0.1028
    ],
    "top20pct_coverage": 0.50205
  },
  "16": {
    "hot_count": 58,
    "cold_count": 31,
    "warm_count": 167,
    "gini": 0.4015521484375003,
    "top5_freq": [
      0.1258,
      0.1096,
      0.107,
      0.1066,
      0.1056
    ],
    "top20pct_coverage": 0.46244999999999997
  },
  "17": {
    "hot_count": 61,
    "cold_count": 30,
    "warm_count": 165,
    "gini": 0.3835187499999999,
    "top5_freq": [
      0.1114,
      0.1002,
      0.0976,
      0.0968,
      0.096
    ],
    "top20pct_coverage": 0.44347499999999995
  },
  "18": {
    "hot_count": 63,
    "cold_count": 24,
    "warm_count": 169,
    "gini": 0.36320937499999995,
    "top5_freq": [
      0.0914,
      0.09,
      0.0884,
      0.0884,
      0.0868
    ],
    "top20pct_coverage": 0.43310000000000004
  },
  "19": {
    "hot_count": 63,
    "cold_count": 20,
    "warm_count": 173,
    "gini": 0.36494628906250004,
    "top5_freq": [
      0.133,
      0.1058,
      0.0986,
      0.0968,
      0.0936
    ],
    "top20pct_coverage": 0.435975
  },
  "20": {
    "hot_count": 46,
    "cold_count": 38,
    "warm_count": 172,
    "gini": 0.4600980468750001,
    "top5_freq": [
      0.1594,
      0.1408,
      0.128,
      0.1256,
      0.1196
    ],
    "top20pct_coverage": 0.5295500000000002
  },
  "21": {
    "hot_count": 50,
    "cold_count": 34,
    "warm_count": 172,
    "gini": 0.4346154296875,
    "top5_freq": [
      0.1212,
      0.1168,
      0.1162,
      0.1118,
      0.1104
    ],
    "top20pct_coverage": 0.5106999999999999
  },
  "22": {
    "hot_count": 63,
    "cold_count": 39,
    "warm_count": 154,
    "gini": 0.389634375,
    "top5_freq": [
      0.11,
      0.093,
      0.0836,
      0.0758,
      0.0756
    ],
    "top20pct_coverage": 0.423425
  },
  "23": {
    "hot_count": 65,
    "cold_count": 30,
    "warm_count": 161,
    "gini": 0.37144140625,
    "top5_freq": [
      0.1162,
      0.088,
      0.0812,
      0.0804,
      0.074
    ],
    "top20pct_coverage": 0.4147499999999999
  },
  "24": {
    "hot_count": 64,
    "cold_count": 36,
    "warm_count": 156,
    "gini": 0.3827890625000001,
    "top5_freq": [
      0.085,
      0.0828,
      0.0816,
      0.0796,
      0.0774
    ],
    "top20pct_coverage": 0.42192500000000005
  },
  "25": {
    "hot_count": 56,
    "cold_count": 33,
    "warm_count": 167,
    "gini": 0.410534765625,
    "top5_freq": [
      0.1242,
      0.1002,
      0.0962,
      0.0952,
      0.0928
    ],
    "top20pct_coverage": 0.467625
  },
  "26": {
    "hot_count": 53,
    "cold_count": 35,
    "warm_count": 168,
    "gini": 0.42774511718749997,
    "top5_freq": [
      0.1384,
      0.1228,
      0.1164,
      0.1106,
      0.1064
    ],
    "top20pct_coverage": 0.48954999999999993
  },
  "27": {
    "hot_count": 55,
    "cold_count": 46,
    "warm_count": 155,
    "gini": 0.4289501953125,
    "top5_freq": [
      0.108,
      0.1072,
      0.1032,
      0.1026,
      0.1018
    ],
    "top20pct_coverage": 0.48077499999999995
  },
  "28": {
    "hot_count": 62,
    "cold_count": 26,
    "warm_count": 168,
    "gini": 0.3781322265625001,
    "top5_freq": [
      0.1378,
      0.1286,
      0.116,
      0.1034,
      0.0976
    ],
    "top20pct_coverage": 0.4425750000000001
  },
  "29": {
    "hot_count": 63,
    "cold_count": 34,
    "warm_count": 159,
    "gini": 0.38431171875000003,
    "top5_freq": [
      0.1338,
      0.1132,
      0.1084,
      0.1034,
      0.1028
    ],
    "top20pct_coverage": 0.43685
  },
  "30": {
    "hot_count": 63,
    "cold_count": 30,
    "warm_count": 163,
    "gini": 0.37983886718750004,
    "top5_freq": [
      0.1166,
      0.1162,
      0.0972,
      0.0928,
      0.0918
    ],
    "top20pct_coverage": 0.43160000000000004
  },
  "31": {
    "hot_count": 62,
    "cold_count": 35,
    "warm_count": 159,
    "gini": 0.38350625000000005,
    "top5_freq": [
      0.101,
      0.0994,
      0.0938,
      0.09,
      0.0892
    ],
    "top20pct_coverage": 0.43637499999999996
  },
  "32": {
    "hot_count": 65,
    "cold_count": 38,
    "warm_count": 153,
    "gini": 0.38030644531250013,